id,password,name,email
1,Abcd1234,John Doe,john@example.com
2,Xyz0987,Jane Doe,jane@example.com
3,12345678,Jack Smith,jack@example.com
4,qwertyuiop,Emily Johnson,emily@example.com
5,Asdfg1234,David Brown,david@example.com
6,Zxcvb0987,Lisa Davis,lisa@example.com
7,789456123,Michael Lee,michael@example.com
8,qwerty123,Emma Clark,emma@example.com
9,abcd9876,William Taylor,william@example.com
10,Pass1234,Samantha Allen,samantha@example.com
11,Password12,Oliver Garcia,oliver@example.com
12,Hello123,Claire Rodriguez,claire@example.com
13,World987,Nathan Wright,nathan@example.com
14,123456ab,Daniel Martinez,daniel@example.com
15,Abcdefg12,Isabella Lewis,isabella@example.com
16,iloveyou123,Anthony King,anthony@example.com
17,Sunshine12,Victoria Perez,victoria@example.com
18,Dragon123,Matthew Turner,matthew@example.com
19,Baseball12,Grace Collins,grace@example.com
20,Football12,Christopher Scott,christopher@example.com